pool_id	seq	outlier
1	AAGCAACTGGAT	False
1	AATCCCTAAGAT	True
1	AATCTGTCATTA	True
1	ACATTGTGGGAT	False
1	ACCAAACGCGTA	False
1	ACGTATACGTAA	True
1	ACTGCTCGAGTT	False
1	ACTGGATCTTCA	False
1	AGACCACTCTCA	False
1	AGACGTATCGCA	False
1	AGAGTGGATGAT	True
1	AGCCTACTGGTT	False
1	AGCGGGAAGTCA	False
1	AGGTGCCCCAAC	False
1	ATACTGATGCGT	False
1	ATCGAGAGACGC	False
1	ATGTTTAGGTGC	False
1	ATTTGACAACTC	False
1	ATTTTCTGATAC	True
1	CACAAGATGGCC	False
1	CACATACCTAAA	False
1	CAGTCCAGGATC	True
1	CCGACTCACCTT	True
1	CCGCAATAGCGT	False
1	CCTGCCTGAGCA	False
1	CTAAGCGTCTAC	False
1	CTAGATAGAGGT	True
1	CTCCGAAATCGC	False
1	CTCTTACTCCAT	False
1	CTGAAGAGTTTA	False
1	CTGAGCACAGCC	False
1	CTGGTACGCCAC	False
1	CTTACGCTTAGC	True
1	GAAACAGAGGTT	False
1	GCACAGACACAT	True
1	GCGGAACTAGCC	True
1	GGAGACCGTACC	True
1	GGCCAAACGACA	False
1	GTCCAAGTCGTA	False
1	GTCGTGGCCTTA	False
1	GTGCTGGCCACC	False
1	GTGGCCACTTGC	False
1	GTGTCAAAGTGA	False
1	GTTAGGAACACA	False
1	TCACGTCCAGCC	False
1	TGGAAAGCGTGA	False
1	TTACCTTGGCTA	True
1	TTGAAGATTCAC	False
1	TTTAGTATTAGA	True
1	TTTCTTCGAGAA	True
2	AACTCAAAGCTT	False
2	AATTGGCTGATC	True
2	AATTGTACTCGA	True
2	ACCGGAACAGCC	False
2	ACCTGTGTGGCC	False
2	ACCTTAGGTGCA	False
2	AGAAAGCTGGAC	False
2	AGGACTAAATCC	False
2	AGGATGAGTAGA	True
2	AGGTAATGGGAT	False
2	ATCTGCTGGCAC	False
2	ATGAAAGCTGAC	False
2	ATGGGAAAGTGC	False
2	ATGGTTGGGTCA	False
2	ATTAGCGAGAAA	True
2	ATTCTCTGGAAT	True
2	CACGAACTCGCC	False
2	CAGACAATCAGC	True
2	CAGCGTCTGACA	True
2	CCATCACAGACA	False
2	CCATGAGCTGCC	False
2	CCGATGAAGCCA	False
2	CCTGCGAGCGTC	False
2	CGCAACAGACCA	True
2	CGCGTACGCATC	False
2	CGTCAAGTACCA	True
2	CTAACCACTCTA	False
2	CTGAGGGACGCC	False
2	GAATCCATGAAT	False
2	GACATTAAGTTT	False
2	GATAAACACCGT	False
2	GCCATATATCTC	True
2	GCCGTGGGTATA	False
2	GCTATTTTGGTA	False
2	GCTGGACGCCAC	False
2	GCTTAGACGGAC	False
2	GGAACCTTGATT	False
2	GGACACCTCATA	False
2	GGACGCAGCCAT	False
2	GGCAGGGTAAGA	False
2	GTAGACCACAGC	False
2	GTGTAACGACTC	False
2	GTTTGAAACAGC	False
2	TAGGAAACCACC	False
2	TATATCCATAAA	True
2	TATGGTGTGACA	True
2	TCATTGGCTAAA	True
2	TTAGTACCCAAA	True
2	TTGAATAAGCAT	True
2	TTGGTTAGCCTC	False
3	AAAACGACTAAT	True
3	AACAACGAGCTA	False
3	AACGGGGCAAGA	False
3	AAGTGGATAAAA	True
3	AATCGAGATGGA	False
3	AATTGCGCTAAA	True
3	ACAGCTGGACTC	False
3	ACGCTGGGAGAA	False
3	ACGGCGGGAAAC	True
3	ACGTCTACTGCC	True
3	AGAGGACAGATT	True
3	AGGAACAACGAT	False
3	AGGACCACGGAA	False
3	AGGTTAAGAGGT	True
3	ATGGGAAGCGGT	False
3	CAACGGATACGC	True
3	CACCACTAAGAA	False
3	CAGACTGTATGA	False
3	CAGGAAGTGAAC	False
3	CCAACTCGCAGC	True
3	CCACTTCATTTA	False
3	CCGCAGGAGAAC	False
3	CCGCTACGGACA	True
3	CCTGCGCCTAGA	False
3	CGCGAAAAGATT	False
3	CGTACCTAAAAC	False
3	CTACAACCATAA	False
3	CTACGTCACAGA	False
3	CTGGATCTGATC	False
3	GACACACAAAGC	False
3	GACATGCGAGCC	False
3	GAGATCGTCACA	False
3	GAGTGCGTGCGC	False
3	GATATATGCCAT	True
3	GATCCTAAGGAC	False
3	GCCAGGACTCAA	False
3	GCCAGGGAGTGA	False
3	GCGAGACCTGCA	False
3	GCGGAGGAGTAA	False
3	GCTCGTACTACC	False
3	GCTCGTAGGATT	False
3	GCTCTATATTCA	False
3	GTCCAGGCATAA	False
3	GTGAACCTCATC	False
3	TAGTAGCATAAA	True
3	TATGAGTCGTAC	True
3	TATTGTAAACGT	True
3	TCCATGGATGAT	False
3	TGGCCTGAAGCC	False
3	TTAATTTCCGTA	True
4	AAAACCACCTTA	False
4	ACATTAAGTGAC	False
4	ACCGCAAGGGGA	False
4	ACGTCCATTAGC	True
4	ACGTGATGTGCC	False
4	ACGTTGACATTA	True
4	ACGTTGTCCATT	False
4	AGACCAATCGAC	True
4	AGAGACACGATC	False
4	AGATCATTGTCC	False
4	AGATCTCTAAAC	False
4	AGCCGTCTAGAC	True
4	AGCGGAGACGTC	False
4	ATAAGGAAGTAA	True
4	ATATCGAGGAGC	False
4	ATCCAATGTTTT	False
4	ATCCAGCGAACC	False
4	CACTCGAAAGTT	False
4	CACTGGCACACA	False
4	CAGAGCTAGTAA	False
4	CAGCGAACACCA	True
4	CATTGCATCACA	False
4	CCACTATTCTAA	False
4	CCGAACCATGAT	False
4	CGTAGACATAAT	False
4	CTAAGACGTCAT	False
4	CTATGATTATAT	True
4	CTCTACAAGGAT	False
4	CTTCTAACGGCC	True
4	GAAGGAGGTAAA	False
4	GACAGATTCACA	False
4	GACCTACGTGGA	False
4	GATTCAACTGAA	False
4	GCAACAACCTGC	True
4	GCGATGATGATC	False
4	GCTTAGGTAAAC	False
4	GGAGACGTGGGA	False
4	GGTAAAACAAGA	False
4	GTCAAGTTATGA	False
4	GTCAATTTGAAT	False
4	GTTACCTGGTAT	False
4	TATAGCGTAAGA	True
4	TATATAATGTTT	True
4	TATCGCACAGAT	False
4	TCATTGATGAAT	True
4	TCCTGAAAGTGA	False
4	TTACTCAGAAAA	True
4	TTGAAAAGTGAT	True
4	TTGTCATTTCCA	False
4	TTTGTGACTGCA	True
5	AAACAGCTACTC	False
5	AAACGATACGCC	False
5	AAATTAGCCAAT	True
5	AAGAATGTTTCA	True
5	AATACGCCAAGA	True
5	AATGTGTACTCC	False
5	ACACGCAGAAGA	False
5	ACAGTGTGCGCC	False
5	ACCAACAGTAGC	False
5	ACCTATACCATT	False
5	ACGCCTGAACAC	False
5	AGGAAGCTACCA	False
5	AGGACAAAGGGT	False
5	ATAGGTATAGCC	True
5	ATCCATTAGGTT	True
5	ATCGCAAAAGGT	False
5	ATCTTGAGGGAC	False
5	ATGATCCAGAGC	False
5	CAAGAGAAGTCC	False
5	CAGAGAGGCATA	False
5	CAGTTAGATAGC	False
5	CATATGGTACTC	False
5	CCACGTATCTAC	True
5	CCGTTAGCGGAC	False
5	CGCAAGTCTGGT	True
5	CGCACTGAGTAA	False
5	CGTTAGAACGCC	False
5	CTACGAGAGGAT	False
5	CTCCCAGGGATC	False
5	CTTGTACTGTAA	True
5	CTTGTAGCTAGC	False
5	GAAAGCTCGTTT	False
5	GACCAGAGAGAC	False
5	GATCTTGAAAGC	False
5	GCCAATAAGTAA	False
5	GCCAATCGGGAC	True
5	GCGTACTTTTGA	False
5	GGCCATCACCGT	True
5	GGTCCTACTGTC	True
5	GGTTACTCCTCC	False
5	GTGAATCTGTTA	False
5	GTTAGATAGCTA	True
5	GTTGTAACCTGA	False
5	GTTTGAATTGCA	False
5	TCAAAGTTTAGC	False
5	TCCTGTAAAGAT	True
5	TGGCTGATCAGC	False
5	TGGGGAGTAGAT	True
5	TTATCCACTAAA	True
5	TTGGTTCACCAT	False
6	AACTAGACGCGT	False
6	AAGCACCATCAT	False
6	AATAACAGCTAT	True
6	AATAACCTTGAA	True
6	ACAAGCTTGGCC	False
6	ACAAGGTACATT	False
6	AGATGGACCATC	False
6	AGCGAACTGAAT	False
6	AGGAACTAGCCA	True
6	ATACTGGAGAAA	True
6	ATGAAGCGCAGA	False
6	ATGAAGTGGGTA	True
6	ATGCTGATGACC	False
6	ATGCTGCAACTC	False
6	ATTGAATTTCAC	False
6	ATTTCCTCGATC	False
6	CAACTCCAGGAA	False
6	CAGAGAAGGTTC	False
6	CAGTGACTCAAT	False
6	CCGAAAATCGAT	False
6	CCTGTAGCGTAT	False
6	CGTAAAGAGATA	False
6	CGTTGGGTTAGA	False
6	CTACCAAGAGAC	False
6	CTCCAGTTCTTT	False
6	CTCCTTATATAT	False
6	CTGGCACATCGC	False
6	CTGGCGAACAGC	False
6	GACATACGACAA	False
6	GACCACAAGTCC	True
6	GACGGACGGGAC	True
6	GAGGAAAGTCTC	False
6	GATATGGCTGTA	True
6	GCATCATTGCAC	True
6	GCCATCTGGCAT	False
6	GCGTCATCTTCC	True
6	GCTCTTCCAGTT	True
6	GGACTCAGTGGA	False
6	GTGCACAAGTTA	False
6	GTTCAACTTGAT	False
6	TAGAACCTGCTT	True
6	TAGCGCACCTAA	False
6	TAGTCTTACTGA	False
6	TCACAACCACCA	False
6	TCCTCATGATTA	False
6	TCCTCCATTGAA	False
6	TCCTGATCTGTA	False
6	TGGGGAAGGTTA	True
6	TTTAGACATACC	True
6	TTTAGCATAACC	True
7	AAAGCCGTCTTC	False
7	AAAGCGCTAAAA	True
7	AAATTTTGTCAC	False
7	AACAGCAGGGAT	False
7	AACGAGTGGCTA	True
7	AAGGGCGAGGAA	False
7	ACAAGTTTTGTA	False
7	ACCGACTCATAA	False
7	ACGACAAACAGA	False
7	ACGGGATACGTT	False
7	ACGTATCGCTAT	False
7	ACTCATGATTCC	False
7	AGAAAGGCTGTA	True
7	AGAGGAGGATCC	False
7	AGCATTAATCGA	False
7	AGCGTAGAAACC	False
7	ATGAAAGTCTGC	True
7	ATGGCGAGTTTT	False
7	ATTCTTCTAAAC	True
7	CATCGTAGAAAC	False
7	CCAAAATCGTCC	True
7	CCTGCGTATCAC	True
7	CGTAGGATCTGA	False
7	CGTCATAAGGTA	False
7	CGTGAAAATCTC	False
7	CTAATCGTAAGA	False
7	CTCCATCAGATA	False
7	CTTAGACGGACA	False
7	GAATAGAGTTAT	True
7	GAGCATATGAAA	False
7	GAGTACGTCTAC	False
7	GAGTCGAACCTC	False
7	GAGTGCACTATA	False
7	GAGTTATATCGA	True
7	GATTAAGATTCC	False
7	GCAGCGTCTATA	False
7	GCTGCAGCTCGA	False
7	GGAAACTGCAAC	True
7	GGCTGTAACTAT	False
7	GGTGAATGACAT	False
7	GTCATCACGTTA	False
7	GTGAAGCATCGA	True
7	GTGTTGTGTAGC	False
7	GTTGACAGTTTT	False
7	TAACGTATTGTA	True
7	TATCCAATCAAC	False
7	TATCGGCTACCA	False
7	TATGCTGTGCGT	True
7	TCCAAAGCACAC	True
7	TTTATCGAACGC	True
8	AAATAGGTTGAT	True
8	ACATCCAAAGGT	False
8	ACCGACAAGATA	False
8	ACTCAATGAGGT	False
8	AGAGAGCCACAA	False
8	AGATGTTAATTC	False
8	AGCATATGTCAT	False
8	ATAATGTTTTGA	True
8	ATGCGATCAGAC	False
8	ATGTGAAATCAC	False
8	ATTTGGAGGAAA	True
8	CAACGTCCACTA	False
8	CACGTCATCAGA	False
8	CACTAGATATTC	False
8	CAGGATTCCATA	False
8	CCATGGCTGGGA	False
8	CCGAACGCCAAC	True
8	CCGAGCTGCCTT	False
8	CGTCAAAGATAT	False
8	CTAACGTACTAT	False
8	CTAGCCTGAAAC	False
8	CTCCGATTAGTC	False
8	CTGCTCTAAGGT	False
8	CTTAGCGACAGC	False
8	GAAGTGAAGATT	False
8	GAATAGACAACC	False
8	GATCTCAATACC	False
8	GCACCAAGTTTA	False
8	GCATCGTACACA	True
8	GCCACATTGAGC	True
8	GCCCAACAGTCA	True
8	GCGCAGAGGAGC	False
8	GGAATGCTAGTA	False
8	GGATTGGGATAC	False
8	GGCATAATCGAC	True
8	GGCCACTCTGTA	False
8	GGTTACGGTGAA	False
8	GTCGGATAGCAT	False
8	GTGCGTAAATCC	False
8	TACTCGATGTCA	True
8	TAGAATGTGTGC	True
8	TAGCTACTTGGT	False
8	TATATTTGAGAT	True
8	TATGCTAGTAAA	True
8	TCCAATGTTGTA	False
8	TGGAGAACGCAT	False
8	TGGCTGGGGCAT	False
8	TTAGGAAACATT	True
8	TTGTAAGATGCA	True
8	TTTGAAATAGAC	True
9	AAACAGTATTCA	True
9	AAGAAGACCCTT	False
9	AATGCTCGACAC	False
9	AATGGTAAATTC	True
9	ACAGTGTGAAAA	True
9	ACGACACCGTAT	False
9	ACGATGATCGTT	False
9	ACGTTGATGCAC	False
9	ACTACCAGCACC	False
9	ACTCAAACATTT	True
9	ACTCTACCGTGC	False
9	AGAGTTAGCCTT	True
9	AGATCAGCGTGA	False
9	AGATCGCGAGAA	True
9	AGCAGCAAGATC	False
9	AGGTAACGGTGA	True
9	ATAAGACGTGTA	True
9	ATAGTGCTGCAC	False
9	ATATTTGAACAC	False
9	CAGCGGTGGGTC	True
9	CCAAAAAGAGCC	False
9	CGCAGGGGTCAT	False
9	CGTTAACCAGAC	False
9	CTAACTGACTCA	False
9	CTAAGCAGTAGC	False
9	CTAATGCCGTGC	False
9	CTCACAGTTCAA	False
9	CTGCGTTTAGCA	False
9	CTTCTGTTGGGA	False
9	GAAAAGGGGACA	False
9	GAATCAGATCTC	False
9	GACAAAGTGCGT	False
9	GACACATGATTC	False
9	GCACTTAGCGTC	True
9	GCAGACTGCGTC	True
9	GCTGCGGCATGC	False
9	GTAGATCATTAT	False
9	GTCCTAGATGGT	False
9	GTCCTATACTGC	True
9	GTGATCGCTATA	False
9	GTGTTCCTGTGC	False
9	GTGTTTCAGTCA	False
9	TAGACCCAAACC	False
9	TAGCCCAAACAC	True
9	TCAAGTTACTGC	False
9	TCACCAAAGATA	False
9	TCAGCGAGATAA	True
9	TCAGTGACCAGA	False
9	TGGGATCTATTC	False
9	TTATGCTGCGCA	True
10	AAAATTTCTTGC	True
10	AACAGTCTACTC	False
10	ACCTTCATCACA	False
10	ACGACAAGGAAC	False
10	ACTTGACGTGGT	True
10	AGCCAGACCATA	False
10	AGGAAAGTCCAT	False
10	AGGAGAGAACAC	False
10	ATAGCTAACACC	False
10	ATATATCAGACA	True
10	ATCGAGATCGCA	False
10	ATCGGCTTGGGA	False
10	ATCTAGGACTCA	True
10	ATGGGAACCACA	False
10	CAAGCGTGTAGC	False
10	CACACTTTCAAT	False
10	CACCTGAAAACC	True
10	CACTATGATAAT	False
10	CAGCAGCTAGTT	True
10	CATACTGATTCC	True
10	CATATCTGCACC	False
10	CATCTACAGCAT	False
10	CCTGAATTCAAT	False
10	CGCGCACTACGT	True
10	CGCTGTGCGGAC	False
10	CGTAGCCAAGGT	False
10	CGTCTTGATGAC	False
10	CTCTTCAGCATT	False
10	CTGAACTCGCGC	True
10	CTGATCATAGTA	True
10	CTTGAAAAAGTT	True
10	GAGTGACGGATC	False
10	GCCACATAAGCA	False
10	GCGTGCTATGAT	False
10	GGACATCGATAC	False
10	GGACCAGGGGAA	False
10	GGATTTTGAAGA	False
10	GTCCTGCAGCGC	False
10	GTGCACTCACAA	False
10	TAACTCATTAGA	True
10	TAAGTCGGAGTA	True
10	TAGCAGGGACTA	True
10	TCACCGACATTT	False
10	TCACGTAGATGC	False
10	TCATCTTCAGCA	False
10	TCCACAAAGTCC	False
10	TCCATTTGTAGC	False
10	TGGGAGCAGAAC	False
10	TTGTAACTCAAA	True
10	TTTCACTCCTGC	False
11	AAAATCGACATC	False
11	AAGAGTAACGTA	True
11	ACAAGCACCAAA	False
11	ACAGCTAGTCAA	False
11	ACCACCAGCCTT	False
11	ACCAGAGATGAA	False
11	ACCAGTGAGAAC	False
11	ACCATGGTCTGC	True
11	AGATCTTGTAAT	True
11	ATCGGACCATTC	True
11	ATGCGCAGATAT	True
11	ATGGTTTAATCC	False
11	ATTAGATCTAAA	True
11	ATTCACTGGTGA	False
11	ATTTGGTATATA	True
11	CACTAACGTTAA	False
11	CACTCTGGGAAC	False
11	CATCTCACAAGC	False
11	CCGATAATCTCC	True
11	CCGATGTCAGTC	False
11	CCTGAGCATTGC	False
11	CGCGCCTTGGCC	False
11	CGCTAAATGGGA	False
11	CGTGCACCGACA	False
11	CTATGCCTGGAT	False
11	CTCGTGATAAAC	False
11	CTCGTTTAGCGT	False
11	CTTCGGCATGAT	False
11	GAAGCCTGGTGA	False
11	GACATCTTAGGT	False
11	GAGTGAGATGAA	True
11	GATAATTCTGCA	False
11	GATACCCAGGAA	False
11	GCAGTATTTGGT	True
11	GCCTTGGTATAT	False
11	GCTATAGCCGCA	False
11	GCTTATCGAGCC	False
11	GGACCCTAAGAA	False
11	GGCGAACCTCAA	False
11	GGTAACGTACAC	True
11	GTCAACCGCTAC	True
11	GTCAATTCACGT	False
11	GTGTGACTAAGA	True
11	GTTAGCGGTGCA	False
11	TAGCCTAAAGGT	True
11	TATGACAAGACC	False
11	TCACTCACAGTA	False
11	TCAGTAGTCATA	True
11	TGGAATAACGTC	False
11	TTGGCTTGGGTC	False
12	AAAATTGGAAGA	True
12	AAACACTTAAGA	False
12	AAGTCCGGTGAC	False
12	AAGTCTATGATA	True
12	AAGTGGACCTGC	False
12	AAGTTATGATTA	True
12	AATCTCATCCAT	False
12	AATTCCTGCCAC	False
12	ACCACTGCACGT	True
12	ACCGGCGGGAAA	False
12	ACGTCTAAGTTC	True
12	ACTATCCATCTA	False
12	AGAGGTTAGCAC	False
12	AGCACTTCTTTT	False
12	AGCTCAAATACC	False
12	ATAGCTAGATGC	False
12	ATCTAATAGTAA	True
12	ATCTCCGAGTGC	False
12	ATGACGTCATAA	False
12	ATTACTCAGATT	True
12	ATTTCAGTGAAT	True
12	CAACTACCGCCA	False
12	CACCTAAGTTAT	False
12	CAGCCTCAGAAT	False
12	CAGGACACTCCA	True
12	CATATCTCATAT	False
12	CCATTAACGTAA	False
12	CCGTCCGGACCA	True
12	CTAAACATTTCC	False
12	CTGTTAATCGTT	False
12	CTTACGAGGATC	False
12	GACAATAGTGGA	False
12	GAGTAATGTTTT	True
12	GCGTAGCCCAAC	False
12	GGCTCGAGGTAA	False
12	GGTTACGAGACA	False
12	GTCATTTAACCA	False
12	GTCCTGCATGAA	False
12	GTGCACTGATTC	True
12	GTGGCCAGAGAC	False
12	GTTCATTCATTT	False
12	GTTTGAGGGATA	True
12	TACTGATTCATC	False
12	TAGCACTTAGAC	False
12	TATGCAGCGTGA	True
12	TGGCCATAGGAT	False
12	TGGGAGTGCACC	False
12	TTAGATCGTCCA	False
12	TTATGCCCACAT	True
12	TTTCTCCTCTAC	False
13	AAAATGTTAGCC	True
13	AAAGGCACAAGC	False
13	AACCTGGAGGAT	False
13	AACGAAGCTCAC	False
13	AACTATGCCTAC	False
13	AATACGAGTGCC	False
13	ACACTTCTGGAT	False
13	ACGCGTAAGGAT	False
13	ACGTGGCCCAGA	False
13	ACTACGGATGAC	False
13	AGAGTGGTATGC	False
13	AGCTAGCTTGGA	False
13	AGCTGACACTCA	False
13	ATATCCTACATT	True
13	ATATTAGCATAA	True
13	ATCCTGTCATAT	True
13	ATCGAATCGAAC	False
13	ATCGTACGTTTA	False
13	ATCTATTTGTGC	False
13	ATGATACTCGAC	False
13	ATTGTACCTGCC	False
13	CAAGTTGTCAAA	False
13	CATCTCATCGTC	False
13	CCTTAGCAGGGT	False
13	CGTCTATGGTTC	True
13	CTACGTTGTCAC	True
13	CTAGGTACCTGA	False
13	CTCAAGTCTCCA	False
13	CTGTGTGTGTTT	False
13	CTTGAATAGATC	False
13	GAAGAGCGTGGT	False
13	GAAGTCAAACAC	True
13	GAATTTGGTTAA	True
13	GATGGTGGGAAC	False
13	GATGTCAGTCAA	False
13	GCTGGAGTGGAC	False
13	GGAAGGACGTGC	True
13	GGATACACAGTC	True
13	GGCAAGTGAGAT	False
13	GGTCTAAGTAAA	True
13	GTCAACTAGACA	False
13	GTGACAATTCTA	False
13	GTGGGATGATCC	False
13	GTTAAGGGACAA	False
13	TAGTAAACGTCA	True
13	TATAGACGCAGC	False
13	TATAGTATGAAT	True
13	TCCACTAGACCA	False
13	TTAGGAACCGCC	True
13	TTTATGGCTAAT	True
14	AAAAACTCACGT	False
14	AACCTGCAAGTA	False
14	AAGGTACATTGA	True
14	AAGGTTATGAAT	True
14	ACACTCGCGCAT	False
14	ACGGAGACCGAC	False
14	AGAACAACATTC	False
14	AGCGAGGAGCAC	False
14	AGGTTATAGTCA	True
14	ATAATCTGCTGC	False
14	ATATCGCATCGC	False
14	CAACAACAGTTA	False
14	CACTATTCAGCA	False
14	CACTGTTGTGAA	False
14	CATCGTGTACGT	False
14	CCAATCGTGCGC	False
14	CCACATTCTTCA	False
14	CCGCAGATAACC	False
14	CCTGTGCACTCA	False
14	CCTTAAGTGGAA	False
14	CGCAACGATGCA	False
14	CGCTGCACCACC	True
14	CGTACACAGCAC	True
14	CGTTAACGCACC	False
14	CTATCTAGAAAA	True
14	CTCACGTCGTGA	False
14	CTCAGAGATGTC	False
14	CTGCACCTGTAA	False
14	CTGTTGGGTGTA	False
14	GAAGTCGGATAT	False
14	GAAGTGGATTCC	False
14	GACTACGACACC	True
14	GAGCTACTCTAT	False
14	GATATTGTAGAA	True
14	GATGCAATAAGA	True
14	GCACTGTGTAGA	False
14	GCCTAAATGACC	True
14	GCGATATGGTAC	False
14	GGCCTTGAGCTA	False
14	GGCTATACCGAC	True
14	GGTCTGAACTCA	False
14	TAGCAAGAGACA	True
14	TATCGAAGCCTC	False
14	TCAAGGAGACGT	False
14	TCAATAACACAA	True
14	TCACGCCATATA	False
14	TCAGATTTGGCC	True
14	TCCTGATTGGGT	False
14	TGGAGCAGCAAT	False
14	TTGTGGCCACTA	True
15	AAAAACAAGGTT	True
15	AAAACCAATCGA	True
15	AAACGTAATAGA	True
15	AACTCCACAGTA	False
15	AAGGTACTCATT	True
15	AATCCTCATGGT	False
15	ACATCGCTGCCA	False
15	ACCATCGTACAC	False
15	ACGATGTAGCAT	True
15	ACTCATACCGAT	False
15	ACTGCAGAAGAA	False
15	AGAGATGGTTTT	False
15	AGCCCAAGGATA	False
15	AGCGAAGGCTAT	False
15	ATAGAGTGCATC	True
15	ATCAACACCGAC	False
15	ATGAAGTCAAGC	False
15	ATGACCACCTCC	True
15	ATTCAGAATAGC	False
15	CACCTCAAGCAC	True
15	CAGATCTTCATT	False
15	CATATACGCTAA	False
15	CCATCTGTAGCC	False
15	CCGATATAGTGA	False
15	CCTGCTCTTGCA	False
15	CCTTAGATGATT	True
15	CGCAACTTCGTC	True
15	CGCACACATATA	True
15	CGTACGCTAGCA	False
15	CTAGTTATCGAT	False
15	CTATATGAAAGC	False
15	CTGGGGACGCAT	False
15	GAATTGCGTGCA	False
15	GACCAGTTCACC	True
15	GCCACGTCAAGA	False
15	GCTAGCTACGAC	False
15	GCTGATGTTGTC	False
15	GCTGTAGAACTC	False
15	GGAACTCTTGGT	False
15	GGATAACACGTA	False
15	GGTACTAGCACA	False
15	GTAGACAAGCGT	False
15	TAACTCGTGATT	False
15	TAGCAGAGCTAT	True
15	TAGTAAGCAGTC	False
15	TCACGGATCTGA	False
15	TCAGATGAGTTA	True
15	TGGCGAGGCACA	False
15	TGGCTATATGCA	True
15	TGGGGACGCGCC	False
16	AACAGACAGTAC	False
16	AAGCAACGACAA	False
16	ACACATTGGCCA	True
16	ACAGTAACCGAT	False
16	ACCTACTGGACC	False
16	ACGAGGATGGAA	False
16	ACGTACCGATGC	False
16	ACTTGCAAGTGC	False
16	AGATCTGGGACA	False
16	AGCAGAGCATAA	False
16	AGCCGCAGAGCA	False
16	ATACCGGTGGCC	True
16	ATAGCAGACAAT	True
16	CAACACCACTAT	True
16	CAAGTTACGATC	False
16	CCAGAGATCAGC	True
16	CCATTCAAACGC	False
16	CCGAAGCGTAGC	False
16	CCGCAAGGATTT	False
16	CCTAAAAGTGGA	False
16	CCTCCAGTCTGA	False
16	CCTCCGTTCACC	True
16	CCTGAGTGGGAC	False
16	CGCATCGCGAAA	False
16	CGCCATACTACC	True
16	CGTGCAATGTGA	False
16	CGTTATATAGAT	True
16	CTACATTAGGAA	False
16	CTACCATCTTCC	False
16	CTATGTCATAAT	True
16	CTCCATACGCTT	False
16	CTGCCAAACATT	False
16	CTGGACAACTGA	False
16	GAAGAATGCGAA	False
16	GACATGGTGCAC	False
16	GACCATCACGTA	False
16	GACGTGGGACGC	False
16	GATGCCAGGACA	False
16	GCCAATCTCACC	True
16	GCCCAAAACATT	False
16	GGAATCCATTAT	False
16	GGATGGCTCGAC	False
16	GTGATTCCAGTC	False
16	TAATCGGAGGAT	False
16	TACCGTGCTAGA	False
16	TAGGAGGAAGAA	True
16	TAGTAATCGAAT	True
16	TTAGAATCGGGA	True
16	TTAGATCTGAAT	True
16	TTGTGTTTCAGA	True
18	AATCCGTAGATC	False
18	AATGTGGCTTAT	True
18	ACCGCTATTAGA	False
18	ACGGAGTAGGGT	False
18	ACTCTTGTGACA	True
18	AGATACCTTAGC	True
18	AGCAATCGTCCA	False
18	AGGCATGTTGTC	False
18	ATACCATGAGTA	True
18	ATATGGTCCTAC	False
18	ATCAGCGAGTTT	False
18	ATTCTGCCTGGA	False
18	ATTGAAAATTCC	True
18	CACAAGGACGTT	True
18	CACACTTAGACA	False
18	CAGAGGTGTAAA	False
18	CAGATCTGACCA	False
18	CATCAGCTGCGT	True
18	CATTCACACATA	False
18	CCGAAGTGAGGT	False
18	CCTCAAAATCCA	False
18	CGCTGGAGGCTA	False
18	CGTTACAGGAGC	True
18	CTGAGTGCACTC	False
18	CTTGTAGAAGCC	False
18	GAAGATTTTCAC	False
18	GAAGTACCTGAT	False
18	GACTGTGTGGGA	False
18	GAGACCAAAGAT	False
18	GAGCAAGACGTC	False
18	GAGTGCCACGTT	False
18	GATAGCATGTTC	True
18	GATGAGTTGGGT	False
18	GCATGATGTCCA	False
18	GCCCAAAGATCC	False
18	GCGCAGCACCAT	False
18	GGAACTACCCTT	True
18	GGTCCGTTATGC	True
18	GGTCTGAAAGTT	False
18	GTGCGAGAGAAA	False
18	GTTAAGACCGAT	False
18	GTTCCACAGTAC	False
18	TAAGACGCATGC	True
18	TAAGTCCATCTA	False
18	TAATTCTGAAAC	True
18	TCACATTGAAAA	True
18	TGGAAGACCAGA	False
18	TGGGTACGTCGA	False
18	TTGAGGATATTC	False
18	TTTGACAGACAT	True
